,doc_id,content,person_matched,company_matched,split_sentence_index
0,2023120100000939360&&0,英再有城市破产 诺定咸超支2.3亿。继英国第二大城市伯明翰市议会9月初宣布破产后，英国中部城市诺定咸（Nottingham）市议会也于周三（29日）宣布破产，当局归因于福利需求上升及通胀等全国性因素。事实上，市议会在理财上一直为人诟病，。...。订阅hket.com即送 GNC男士综合维他命加强版 (价值$268)。详情。登入了解详情,[],['Nottingham'],0
1,2023120100001090313&&0,中央谷长三角 宁沪盈利复增。  江苏宁沪高速（00177）主业务是收费路桥的投资、建设、营运和管理，经营区域在长江三角洲，是江苏省唯一上市路桥公司。而公司盈利经过2022年倒退后，今年可以恢复增长，中央重申推动长江经济带高质量发展，   订阅hket.com即送 GNC男士综合维他命加强版 (价值$268) 详情 。 登入 。 了解详情 。 撰文 : 余少文 。 栏名 : 中字股实力谈,[],[],0
2,2023121900002995017&&0,东软熙康（０９６８６）独董方唯一辞任，齐国先接任。 　　《经济通通讯社１９日专讯》东软熙康（０９６８６）公布，方唯一辞任独立非执行董事，。 而齐国先获委任为独立非执行董事、薪酬委员会成员、提名委员会成员及战略委员会成员，均自。 昨天起生效。 　　该集团指，齐国先担任中国医科大学附属第一医院老年医学科教授及主任医师，年度董事袍。 金为１５万元。至于方唯一因个人工作安排而辞任，他已确认与董事会概无意见分歧，亦无任何。 有关辞任事宜须股东及联交所垂注。（ｗｈ）,['方唯'],[],0
3,2023122100001384938&&0,"毛记葵涌开市“唛高”近7倍。【明报专讯】向来交投淡静的毛记葵涌（1716），昨日在开市不久即录抢价成交，大幅“唛高”6.82倍至3.05元，迅即录得4000股成交。之后其做价回软，但引起持货者相对在高位试以高价出货并继续录得成交，并且在0.68元至0.72元录得活跃交投，涉资142.4万元，占昨日总成交193万元中的73.8%。做价比过去两个月在0.35元至0.5元的范围高。全日计毛记葵涌股价收报0.63元，升61.54%，单日市值暴涨6480万元，增至1.7亿元。在该股持股4.4%的万华媒体（0426）亦随之水涨船高，全日升8.89%并高见0.049元，手上的毛记葵涌货值达756万元。若赶及在3.05元摸高沽出毛记葵涌者，相对周二收市价未计手续费，沽出4000股料账面赚10,640元。0.68元至0.72元交投占比74%。即使用昨天收市价计，投资者每手2000股未计手续费账面单日亦赚480元。资料显示，该股自今年初已获人称Ken Sir的吕宇健增持至6.01%，他手上持股单日账面亦赚389.47万元",[],['Ken Sir'],0
4,2023122100002680716&&0,九方财富（０９６３６）首席执行官才子辞任，主席陈文彬兼任。 　　《经济通通讯社２１日专讯》九方财富（０９６３６）公布，才子辞任首席执行官，主席陈。 文彬已由非执行董事调任为执行董事，并获委任为首席执行官，而陈冀庚已由非执行董事调任为。 执行董事，并获委任为首席执行官，均自昨天起生效。 　　该集团指，才子已因工作重心由该集团转移至其附属公司而辞任首席执行官，他仍将担任执。 行董事，负责附属公司的业务管理。才子已确认与董事会无意见分歧，亦无有关辞任事项须股东。 及联交所垂注。（ｗｈ）,[],[],0
5,2023122100003898356&&0,日本大发汽车碰撞测试爆造假 即暂停国内外出货 丰田部分车款受影响。美联社。日本最大汽车制造商丰田的子公司大发（Daihatsu）车厂被揭碰撞安全测试结果造假，即时暂停国内外所有车型出货。丰田也表示停止大发生产的部分丰田车款出货。大发总裁奥平宗一郎在周三的新闻发布会上与一众管理层鞠躬认错，但表明不会辞职，称因为希望采取措施补救局面。美联社。大发汽车月前被揭6款车型疑似碰撞测试资料造假，独立调查小组昨日发表报告，最新认定除前述问题外，还发现 25 个测试类别中的 174 项安全测试和其他程序违规行为，而数据造假范围几乎遍及大发全部车型，连向丰田（Toyota Motor）、马自达（MAZDA）和速霸陆（SUBARU）供应的汽车，都被牵连其中，总计64款车型，最早追溯至1989年的产品。数据造假范围几乎遍及大发全部车型，连向丰田（Toyota Motor）供应的汽车，都被牵连其中。路透社。出席记者会的律师兼调查小组成员海见诚 (Makoto Kaiami) 表示，为了满足管理层紧迫的开发期限要求，工人们在压力下采取了作弊行为，管理层应该承担责任。“我们很抱歉辜负了客户的信任,['Makoto Kaiami'],['Toyota Motor'],0
6,2023122100003898356&&1,”大发总裁奥平宗一郎在周三的新闻发布会上与一众管理层鞠躬认错，但表明不会辞职，称因为希望采取措施补救局面。大发是丰田全资子公司，专门生产在日本国内流行的小型车和卡车。根据日本轻型汽车协会联合会统计，去年大发轻型车的在日本境内销量超过56.5万辆，位居日本第一，市占率约33%。—。《星岛申诉王》将推出全新项目“区区有申诉”，并增设“我要赞佢”栏目，现诚邀市民投稿赞扬身边好人好事，共建更有爱社区。立即“我要赞佢”︰ https://bit.ly/3uJ3yyF,['Makoto Kaiami'],['Toyota Motor'],1
7,2023122121770324809&&0,前“华人首富”︱赵长鹏因洗钱罪再被罚近222亿 仍在美国被扣留。前“华人首富”︱赵长鹏因洗钱罪再被罚近222亿 仍在美国被扣留。昔日华人首富再被美国重罚，累计罚单逾72亿美元。 路透社。美国商品期货交易委员会（CFTC）当地时间12月18日表示，伊利诺伊州北区地方法院批准了此前宣布的和解协议。法院对加密货币巨头“币安”（Binance）创始人、前“华人首富”赵长鹏处以1.5亿美元的民事罚款，并勒令币安退还13.5亿美元的非法交易费用，还对该公司处以13.5亿美元的罚款，合计为28.5亿美元（约港币222.5亿元）。实际上，上个月底，赵长鹏就已经与美国司法部达成和解协议，同意对刑事和民事指控认罪，并辞去币安CEO一职，以换取币安得以继续在美国运营。同时，币安认罪并同意支付总计43亿美元的罚款。当时赵长鹏说，“今天，我辞去币安首席执行官职务。诚然，情感上的放下并不容易。但我知道这是正确的做法。我犯了错误，我必须承担责任。这对我们的社区、币安和我自己都是最好的。”。“币安不再是婴儿了。现在是我让它走、跑的时候了。我知道币安将继续发展并凭借其强大的后备力量而脱颖而出。”,['Brian Tsuchida'],['CFTC'],0
8,2023122121770324809&&1,目前币安和赵长鹏累计付出72.16亿美元（约合港币563亿元）。尽管已经缴纳天价罚款，但币安及赵长鹏的未来仍然是未知数。2022年1月，赵长鹏以净资产941亿美元，超过了农夫山泉创始人钟睒睒，一度成为“华人首富”。 路透社。币安前CEO赵长鹏再被美国重罚222亿元，累计罚单已超563亿元。 路透社。上个月底，赵长鹏就已经与美国司法部达成和解协议，同意对刑事和民事指控认罪，并辞去币安CEO一职。 路透社。2017年6月，赵长鹏创建了币安。 路透社。赵长鹏愿意通过认罪认罚，是希望避免漫长的法律诉讼过程，减轻潜在的法律风险。案情回顾。今年3月，CFTC对币安和赵长鹏提出指控，理由包括币安在赵长鹏的指示下，积极非法招揽美国客户，并直接在币安平台及量化交易公司上进行数位资产衍生品交易。此外，CFTC还发现，赵长鹏和币安其他高级管理层为客户违反美国法律提供便利，包括指示美国客户逃避合规控制。在CFTC提出指控后，今年11月，美国司法部与币安和赵长鹏达成和解协定。赵长鹏认罪后已签署了1.75亿美元的个人担保保证金，但他并不能离开美国。根据法院的裁决，赵长鹏面临最高 18 个月的监禁,['Brian Tsuchida'],['CFTC'],1
9,2023122121770324809&&2,他将留在美国，直至2024年2月23日宣判为止。由于他主动认罪，他的最终刑期预计不超过18个月。赵长鹏的律师敦促美国法官驳回司法部禁止赵长鹏返回阿拉伯联合酋长国家中的请求，直至他因违反反洗钱要求被判刑。赵长鹏拥有阿联酋和加拿大国籍。美国司法部已要求推翻美国治安法官布赖恩（Brian Tsuchida）的决定，即允许赵在2月23日宣判之前返回阿联酋。政府表示，鉴于与阿联酋没有引渡条约，且赵长鹏是一位拥有大量资产的亿万富翁，如果他选择不返回美国接受判决，政府可能无法确保他回国。但赵长鹏的律师辩称，赵长鹏通过同意“大量”保释方案并自愿来到美国接受对其行为的责任，证明了他不存在潜逃风险。辩护律师辩称，允许赵长鹏返回阿联酋将使他能照顾他的伴侣和三个孩子，并为他们的量刑做好准备。据悉，赵长鹏有两个孩子是与币圈一姐何一所生，不过，两人并未结婚。2022年拥资产7346亿。据2022年1月彭博亿万富豪榜，赵长鹏以净资产941亿美元（约合7346亿元港币），超过了农夫山泉创始人钟睒睒，一度成为“华人首富”,['Brian Tsuchida'],['CFTC'],2
10,2023122121770324809&&3,在最近发布的2023胡润百富榜中，赵长鹏凭借着450亿人民币（约港币502亿港元）的身家位列第97位。与最高峰时期相比，他的财富已经蒸发了5898亿人民币,['Brian Tsuchida'],['CFTC'],3
11,2023122521782217251&&0,"美智光电终止上市。美的集团回应:主动调整。美的集团(000333.SZ)控股子公司美智光电再度终止上市。据深交所12月23日公告的信息,由于美智光电12月19日申请撤回上市申请文件,深交所决定终止(对)其首次公开发行股票(IPO)并在创业板上市的审核。12月25日,美的集团董事会秘书江鹏向第一财经记者表示,此次美智光电终止上市是美的集团基于目前的市场环境做出的主动调整。对于下一步美智光电是否还会找机会谋求上市,江鹏称,将根据市场和美的集团的实际情况来再做决定。2022年7月,美智光电曾撤回首次上市申请。2023年4月19日,美智光电第二次递交招股说明书,并于当天收到深交所的受理通知,美的集团4月21日发布了相关公告。江鹏表示,由于此次深交所已有公告,因此美的集团不会就美智光电终止上市出单独的公告。美智光电此次IPO曾预计融资5.0636亿元。时隔八个月,美智光电撤回了第二次上市申请。一位LED行业的资深人士对记者表示,大概是行情不好,这时候融资不容易",['何享健'],['美的控股'],0
12,2023122521782217251&&1,"另一位LED行业观察人士张宏标也分析说,国内LED照明上市公司这两年增加了不少,此次美智光电终止IPO,估计是在目前的经济环境下,估值的倍数与预期有差距。照明、智能前装市占率不高 。深交所于今年5月、8月就美智光电IPO发出过两轮的审核问询函(下称问询函)。美智光电方面7月20日曾对深交所第一轮审核问询函进行了回复。问询函就美智光电的成长性、市场地位提出了疑问。美智光电的智能前装产品中,智能开关2022年国内线上销量为195.1万件、销售额1.62亿元,2021年精装修市场智能开关配套规模为42.7万套,市场规模相对较小。2022年,美智光电营业收入较2021年有所下降,智能前装产品销售金额下降较多,作为主力的浴霸类产品2022年销售金额增速放缓。美智光电称,预计2022年中国LED照明市场规模达10085亿元,行业向智能照明方向过渡。2022年中国智能照明市场规模398亿元,近五年的年复合增长率达22.04%。在智能前装行业,智能面板2022年国内线上销售额达1.62亿元。智能门锁2022年国内销量达1760万套、市场规模134亿元",['何享健'],['美的控股'],1
13,2023122521782217251&&2,"美智光电认为,照明市场大且竞争较为分散,将依靠创新来确保照明业务持续增长。智能面板、智能门锁市场发展较快,将积极拓展,确保持续增长。至于市场占有率,美智光电引用天猫、京东的销售额排名和销售额占比称,2022年其照明类排名第六,市场占有率2.28%。智能前装类排名第十四,市场占有率0.58%。对于浴霸收入增速放缓、智能前装销售金额下降的原因,美智光电解释称,浴霸方面,房地产业下行导致其浴霸产品2022年线下工程经销渠道收入同比下滑29.61%。而其浴霸线上直销增长基数较小,2020年、2021年、2022年收入分别为581.45万元、6562.39万元、1.67亿元。智能前装方面,2021年四季度停止线控器业务,使2022年智能前装业务收入同比下降24.61%至2亿元。剔除线控器后,其2020年、2021年、2022年智能前装产品收入为1.86亿元、1.9亿元、2亿元。LED行业复苏缓慢 。问询函另一个关注点是美智光电的独立性和客户稳定性,因其线上销售使用美的集团的线上店铺,还问到美智光电对美的置业、碧桂园的销售情况",['何享健'],['美的控股'],2
14,2023122521782217251&&3,"美智光电称,公司成立于2001年,早期从事荧光灯、节能灯等传统照明产品的生产及销售,2010年被美的集团收购,成为美的集团旗下唯一一家从事照明业务的子公司。2012年纳入美的中央空调事业部下进行管理。2013年至2015年开始转型做LED照明,并开始拓展开关插座等传统前装产品,2018年至2019年,美的集团战略调整,将智能面板、智能门锁、智能网关等业务合并整合至美智光电,使公司智能前装产品矩阵初步形成。2020年,公司进入高速发展期,启动分拆上市准备工作,变为美的集团创新业务中的独立主体之一。渠道方面,美智光电称,新开设多个线上自有店铺,2020年、2021年和2022年使用美的集团线上渠道销售金额在其线上直销收入占比分别为 74.61%、29%和 19.67%,呈大幅下降趋势。已注册自有品牌的商标,预计2024年将在台灯等移动灯具品类推出自有品牌产品。何享健旗下的美的置业(03990.HK)是美智光电的主要客户之一,美智光电2020年、2021年、2022年对美的置业的销售收入占其当期主营业务收入的16.78%、14.3%和14.21%",['何享健'],['美的控股'],3
15,2023122521782217251&&4,"碧桂园(02007.HK)也是美智光电的重要客户,美智光电2020年、2021年、2022年销往碧桂园的金额分别为1.5867亿元、1.595亿元和9229万元。美智光电表示,房地产等下游市场景气度变动,使其前五大客户变动较大且客户集中度逐步下滑。2022年,碧桂园的收入同比下滑17.72%,美智光电销往碧桂园的金额同比减少42%。2022年,美的置业的收入同比下滑0.1%,美智光电销往美的置业的金额同比减少1.92%。问询函还询问了募投项目达产情况和产能过剩风险。对此,美智光电表示,将新建照明、智能家居产品等生产线,建成后可年产照明及智能前装产品 915 万台,将逐步以自制代替OEM。美智光电认为,自制产能还有较大提升空间,预计未来产能过剩风险较小。事实上,今年LED业的复苏没有预想快。据LED芯片龙头企业三安光电(600703.SH)的2023年半年报,2023 年上半年,全球经济复苏动能不足,LED 终端市场消费需求低迷。 中国照明电器协会数据显示,2023 年 1-6 月,中国照明产品出口总额约 277 亿美元,同比下降约 5%",['何享健'],['美的控股'],4
16,2023122521782217251&&5,"尽管在照明赛道的子公司美智光电终止了IPO,但是美的集团创新业务板块中,以智慧物流为主业的子公司安得智联今年7月已启动上市辅导。12月19日,安得智联向安徽证监局提交辅导备案。何享健旗下的美的控股已直接、间接控股了美的集团、合康新能(300048.SZ)、科陆电子(002121.SZ)、万东医疗(600055.SH)、美的置业等多家上市公司,他下一个IPO项目将从美智光电变为安得智联",['何享健'],['美的控股'],5
17,2023122700002616646&&0,复星旅游文化（０１９９２）执董兼副董事长辞任，上周五生效。 　　《经济通通讯社２７日专讯》复星旅游文化（０１９９２）公布，Ｈｅｎｒｉ　。 Ｇｉｓｃａｒｄ　ｄ’Ｅｓｔａｉｎｇ近日请辞执行董事、副董事长、战略委员会成员，以及董。 事会环境、社会及管治委员会成员，但将留任联席首席执行官等职务，自本月２２日生效。 　　该集团指，他作为Ｃｌｕｂ　Ｍｅｄ总裁，想投入更多时间及精力于Ｃｌｕｂ　Ｍｅｄ业务。 ，他已确认与董事会并无分歧，亦无有关辞任事宜须股东及香港联合交易所垂注。至于执行董事。 蔡贤安已获委任为环境、社会及管治委员会成员，自上周五（２２日）起生效。（ｗｈ）,[],[],0
18,2024011221780011966&&0,迈越科技(02501):戴恬俏辞任联席公司秘书及财务总监。  迈越科技 公布，戴恬俏因其他个人事务已辞任公司联席公司秘书及财务总监，自今日起生效。  集团宣布，杨光伟已获委任为联席公司秘书，以接替戴恬俏，自今日起生效，而李海薇将继续担任公司另一位联席公司秘书。  集团指，公司亦正在物色合适人选以任命为财务总监。 《经济通通讯社12日专讯》 。 【订阅有赏】订阅健康好人生YouTube频道 赏你etnet 30周年珍藏版2024年历卡 + etnet精美笔记本。 ► 火速行动,"['李海薇', '戴恬']",[],0
19,2024011500003730678&&0,【企业盈警】易点云（02416）料全年亏损最多逾9亿人币。　　《经济通通讯社15日专讯》易点云（02416）公布，预期截至去年12月31日止年度亏损及全面亏损总额介乎约8.7亿至9.1亿元（人民币．下同），较截至2022年度亏损及全面亏损总额扩大约42.2%至48.8%。该集团预计于2023年度经调整净利润将介乎约1000万至2000万元，按年下降约85.2%至92.6%，预计收入将介乎约12.4亿至13.2亿元，按年下降约3.8%至9.6%,[],[],0
20,2024011500003758292&&0,《神州民企》百得利（06909）执董兼首席财务官邹国强辞任。　　《经济通通讯社15日专讯》百得利（06909）公布，邹国强已辞任执行董事、公司秘书、授权代表以及首席财务官，自昨日起生效。该集团指，梁志杰已获委任为公司秘书及授权代表，自昨天起生效,[],"['百得利', '神州民企']",0
21,2024011621769483987&&0,【高息股】百度被传与中国军方合作急插后急否认，惟制裁风险仍惹忧虑。嘉宾：辉立证券董事 黄玮杰。百度(09888)上日（15日）股价最多跌一成二，更一度失守红底，据报有内地解放军相关的研究室已与百度文心模型合作，市场忧虑百度会成为美国潜在制裁对象，百度昨晚出公告再度否认，指未与任何机构进行任何业务合作或提供任何定制服务，股价上日属跌过龙。百度今早（16日）曾弹约4％，黄玮杰指出，股价受市场情绪驱动，美国制裁仍然为百度的负面因素之一，由于不确定因素仍未明朗，暂不建议入手部署搏反弹，若投资者真要博反弹，就以99元作止蚀参考。立即去片：https://www.youtube.com/watch。v=nBPB7jnzMiE。【订阅有赏】25度生活YouTube频道 暖暖冬日赏你etnet 30周年珍藏版2024年历卡 + keroppi加大版毛毯。► 立即订阅,[],['百度'],0
22,2024011721776510207&&0,鼎丰集团（06878）清盘呈请聆讯押后至不早于5月6日。　　《经济通通讯社17日专讯》鼎丰集团（06878）法院昨日颁令原定于2024年1月22日清盘呈请书聆讯押后至不早于2024年5月6日举行，以待公司获悉有关建议债务安排的申请结果。（rh）,[],[],0
23,2024011900009502232&&0,统一受累食品销售下跌。统一（00220）今年以来累跌16.2%，昨日逆市再跌2.7%报4.65元。公司生产方便面等食品，及茶、果汁、奶茶咖啡、包装水等饮料。富瑞估计2023年下半年以来，方便面及饮料的消费需求低于先前预期，故下调2023年至2025年盈利增长预测2至15%。预计消费降级下，产品均价只有非常温和增长，故下调毛利率预测。食品业务方面，该行估计2023年下半年销售下跌11%（上半年跌9%），预计方便面销售进一步下降。该行估计第三季统一食品业务销售录高单位数下跌，趋势于10月及11月恶化，因疫后重开，方便面需求正常化，估计12月销售情况更差，全季录双位数下跌。统一3月6日公布业绩，根据彭博综合券商预测，2023年全年收入增4%，盈利增24%。花旗引述统一管理层指，其首要确保2024年收入增长高单位数。预计大部分原料成本下降，毛利率可按年增长。公司饮料业务的竞争对手在2023年下半年未有调整售价，统一2024年未有加价计划。统一去年9月以来多次于5.6元遇阻，近日跌穿前浪底4.92元，成交增加，按量度跌幅或下试4.2元附近，短期宜先观望。﹏﹏﹏﹏﹏﹏﹏﹏﹏﹏﹏﹏﹏,[],"['富瑞', '花旗']",0
24,2024012321776988246&&0,长汽（2333）业绩快报：全年纯利增15.2%至70亿人币。  《经济通通讯社23日专讯》长城汽车（02333）（沪：601633）发布业绩快报，根据《中国企业会计准则》，2023年全年纯利为70.08亿元（人民币．下同），较2022年度下跌15.22%。基本每股收益0.83元。  …,[],[],0
25,2024012321778032306&&0,长汽（2333）业绩快报：全年纯利增15.2%至70亿人币。　　《经济通通讯社23日专讯》长城汽车（02333）（沪：601633）发布业绩快报，根据《中国企业会计准则》，2023年全年纯利为70.08亿元（人民币．下同），较2022年度下跌15.22%。基本每股收益0.83元,[],[],0
26,2024013100004094597&&0,【企业盈警】柏能集团（０１２６３）料去年纯利跌９２％。 　　《经济通通讯社３１日专讯》柏能集团（０１２６３）公布，预期截至去年１２月３１日止。 年度溢利约６０００万元，下跌约９１﹒５％。 　　该集团指，纯利下跌主因宏观经济环境持续影响电脑产品需求。此外，该集团正考虑作出潜。 在或然负债拨备最多约２５００万美元，有关拨备可能于该集团去年度综合财务报表中作出。该。 拨备是由于就进口至美国若干产品的适当归类，以及按照有关归类应征收适当关税金额而言，美。 国海关与该集团存在意见分歧，基于评估争辩成功可能性以及最终会否作出拨备仍然为时尚早。 　　该集团预期于３月公布业绩。（ｗｈ）,[],[],0
27,2024020100003764784&&0,祥生控股（02599）2022年度亏损扩至39亿人币，不派息。　　《经济通通讯社1日专讯》祥生控股（02599）公布，截至2022年12月31日止年度业绩，亏损约38.8亿元（人民币．下同），比2021年度亏损2亿元扩大，每股亏损1.27元，不派末期股息,[],['祥生控股'],0
28,2024020621771920006&&0,美斯无出场｜梁齐昕社交网站炮轰美斯　“无耻，香港不欢迎你”。美斯呢嚿豆腐早应该退休，为咗钱久且残存,[],[],0
29,2024021400003253158&&0,【企业盈警】火山邑动（01715）料全年亏损3900万人币。　　《经济通通讯社14日专讯》火山邑动（01715）公布，预期截至去年12月31日止年度亏损净额约3900万元人民币，比2022年同期除税后亏损净额约4360万元人民币有所收窄,[],[],0
30,2024021400003298547&&0,ＫＥＥＰ（０３６５０）核数师罗兵咸永道辞任，罗申美接任。 　　《经济通通讯社１４日专讯》ＫＥＥＰ（０３６５０）公布，罗兵咸永道会计师事务所辞任。 核数师，而罗申美会计师事务所已获委任为新核数师，均自本月９日生效。 　　该集团指，罗兵咸永道未能与该集团就截至去年１２月３１日止年度的业绩达成双方均接受。 的审计时间表，罗兵咸永道辞任函提到，注意到该集团新加坡附属所订市场营销推广协议没有包。 含将提供的服务详细范围、按阶段或里程碑划分的项目时间表等细节，以及在签订市场营销推广。 协议时，仍在商讨该金额的计算基础，并关注香港附属公司支付的若干款项。 　　该集团指，就市场营销推广协议一直与罗兵咸永道保持沟通，提供协议及文件等。（ｗｈ）,[],[],0
31,2024021600006564036&&0,"美斯任代言人　极兔股价大泻16%　股价潜水｜异动股。由球王美斯出任代言人的极兔速递（1519），股价突然下泻，更曾低见10.2元，最新报11.56元，挫16%，成交额为4,690万元。极兔于去年10月27日挂牌，上市价为12元",[],"['球王美斯', '美斯']",0
32,2024022221791248245&&0,信和酒店（01221）中期亏转盈2880.2万元，息1.5仙。  《经济通通讯社22日专讯》信和酒店（01221）公布，截至2023年12月31日止中期纯利2880.2万元，而对上一年同期净亏损5147.2万元。每股基本盈利2.52仙，派中期息1.5仙。  …,[],['信和酒店'],0
33,2024022321781689243&&0,JBB（01903）中期盈转亏301.7万林吉特，不派息。　　《经济通通讯社23日专讯》JBB（01903）公布，截至2023年12月31日止中期净亏损301.7万元（林吉特．下同），而对上一年同期纯利349.1万元。每股基本盈利0.6仙，不派中期息,[],"['JBB', '林吉特']",0
34,2024022321781689516&&0,百奥赛图料去年亏损收窄至3.77亿至3.87亿人币。　　《经济通通讯社23日专讯》百奥赛图（02315）公布，截至2023年12月31日止年度，料亏损约为3.77亿元（人民币．下同）至3.87亿元，而2022年度亏损为6.02亿元。另外，预期收入按年增33.5%至35.4%，至7.13亿元至7.23亿元。研发费用减少约31.4%至32.9%，至4.69亿至4.79亿元,[],[],0
35,2024022521778812628&&0,NIO｜内地电动车蔚来遭摩通削评级及目标价 料缺乏新车不利销售、同行竞争加剧。  股市    摩通唱淡蔚来 （09866） （美：NIO），评级由“中性”下调至“减持”，并将目标股价8.50美元下调至5美元  担心主要有两方面，蔚来今年只有一款“Alps”新车型，同行预计将推出新车，令大众市场竞争加剧 下调蔚来今年收入预测至730亿元人民币。经调整每股亏损预测调高至8.38元人民币 。 摩通唱淡内地电动车品牌蔚来 （09866） （美：NIO），认为其竞争对手推出新车型，但蔚来缺乏新车应对，最终或损害销售。摩通分析师 Nick Lai 将蔚来评级由“中性”下调至“减持”，并将目标股价8.50美元下调41%，至5美元，以上周五收市价5.39推算，潜在跌幅仍有7%。 摩通指出，考虑到蔚来已经下跌的幅度，其降级行动“无疑是迟到了”。摩通解释，蔚来股价向下原因是外界担心蔚来1月份销售缓慢，以及投资者对 2024 年销售和盈利势头的忧虑。摩通提到，截至上周四（22日），蔚来年初起已暴跌 35.5%，相较之下，中国汽车制造商整体市场的跌幅为 18%,"['James Mitchell', '阿布扎', 'Nick Lai', '李斌']",['摩通'],0
36,2024022521778812628&&1, 摩通认为，其对蔚来的担忧主要有两方面，（1）蔚来今年只有一款名为“Alps”的新车型，瞄准大众市场，甚至可能要到第四季才会上市。（2）鉴于包括小鹏汽车 （09868） （美：XPEV）、比亚迪 （01211） 在内的同行预计将推出新车型，“大众市场的竞争可能只会加剧”。摩通提到，小米 （01810） 进军电动车市场，意味大众市场会出现“另一个重要竞争对手”。 摩通将蔚来今年收入预测下调至730亿元人民币。经调整每股亏损预测由7.69元调高至8.38元人民币。摩通表示，潜在积极因素的话，应该来自蔚来一直在削减支出和成本，并且尽管竞争对手降价以保护利润率，但蔚来一直在减少销售折扣。 NIO｜蔚来委任阿布扎比CYVN CIO及前捷豹路虎高管入局董事会 腾讯James Mitchell辞任 。 【电动车】蔚来李斌：综合表现未达标 列三大优先事项 ,"['James Mitchell', '阿布扎', 'Nick Lai', '李斌']",['摩通'],1
37,2024022600003310167&&0,【企业盈警】洲际船务（０２４０９）料全年溢利跌最多７０％。 　　《经济通通讯社２６日专讯》洲际船务（０２４０９）公布，预期截至去年１２月３１日止。 年度溢利减少约６０％至７０％。 　　该集团指，纯利减少主因收入受全球贸易及航运服务需求下降以及市场租船费及运费率下降。 而减少、折旧开支因增加若干控制船舶而增加、而销售、一般及行政开支增加包括上市开支，加。 上融资成本增加，以及分占联营公司溢利净额减少。 　　该集团预期于３月下旬公布业绩。（ｗｈ）,[],[],0
38,2024022621769863304&&0,【企业盈喜】兴证国际料去年亏转盈赚5000万至6000万元。　　《经济通通讯社26日专讯》兴证国际（06058）公布，相对于2022年全年录得税后净亏损约2.97亿元，集团预期2023年度会录得税后纯利在5000万元至6000万元之间,[],[],0
39,2024030500003316164&&0,Vision Deal(7827)年度亏损7332万，不派息。  Vision Deal 公布截至2023年12月底止年度业绩，期内没有收益，惟有其他收入(利息收入扣除汇兑亏损)为4466.9万元，行政开支约1.23亿元，故年度亏损7332.1万元，每股亏损2.93元，不派息。 该公司由2022年1月20日注册成立至2022年12月底止，收益为零，其他收入684.1万元，行政开支6613万元，亏损约1.54亿元，每股亏损6.516元。 *有关业绩的详情，请参阅该公司之正式通告 。 《经济通通讯社5日专讯》,[],['Vision Deal'],0
40,2024030700001685956&&0,澳博去年亏损大幅收窄 不派末期息。【明报专讯】澳门博彩（0880）公布去年底止全年度业绩，受惠于旗舰项目新葡京扭亏为盈，上葡京亏损大幅收窄，股东应占亏损按年大幅收窄74.2%至20.1亿元，继续不派末期息。集团主席何超凤指出，农历年假期日均旅客人数与2019年同期持平，若趋势持续，料对集团旗下博彩营运公司澳娱综合的营运产生积极影响，并认为在专营权内增加24亿澳门元非博彩投资，属合理可控。贵宾厅中场收益均增逾两倍。期内澳博的除息税、折旧及摊销前盈利（EBITDA）为17.27亿元，实现扭亏，但比市场预期的18.4亿元为少。同期净亏损亦较市场预期的10.6亿元为多。该集团股价昨收报2.28元，升0.89%。按业务划分，期内澳博的贵宾博彩转码收益按年增长2.2倍至15.57亿元。中场博彩的毛收益更达178.74亿元，按年大增2.39倍。角子机收益亦达17.73亿元，按年增1.51倍。包括酒店、餐饮及零售等在内的非博彩收益亦达18.15亿元，按年增长1.91倍。年内垫付博彩顾客款项有3050万元逾期，当中140万元逾期90日或以上，但料仍可收回,[],"['EBITDA', '博彩', 'LBITDA', '澳博']",0
41,2024030700001685956&&1,此外，按项目划分，上葡京仍然录得亏损，但是LBITDA大减67.28%至3.17亿元。另一旗舰项目新葡京则扭亏为盈，实现EBITDA达13.25亿元。包括葡京、回力及十六浦等自行推广场亦录得EBITDA共12.58亿元，同实现扭亏。其余9个卫星场则仍然亏损，LBITDA为3.38亿元，但已按年大减46.8%。集团手持现金按年大减48.3%至35.42亿元。资产负债比率则按年减少1个百分点至52.2%。其整体出现流动负债净值8.42亿元。未偿还银行债务达152.36亿元，按年减少37.39亿元,[],"['EBITDA', '博彩', 'LBITDA', '澳博']",1
42,2024030700009502349&&0,港交所谴责智富资源及董事 遭司法复核 美前总统老布什子为执董 不服接受培训令提挑战。港交所（0388）上市科裁决连环受挑战。上市复核委员会2月初维持上市科对智富资源（0007）及董事谴责，并要求董事受训决定，该所更质疑该公司未充分披露此前一宗买入地皮交易的估值理据，公司及包括美国已故前总统老布什之子Neil Bush（尼尔布什）等多名董事不服，提请高院寻求司法复核。长期停牌的塞班岛赌股博华太平洋（下称博华）（1076），亦就联交所对其除牌决定寻求司法复核，图扭转除牌命运。 明报记者 陈伟燊。两家以法律挑战联交所上市科裁决的上市公司，市值规模虽小，分别为6640 万元及6.82亿元，更先后遭人提出清盘，惟背后股东、董事却星光熠熠。智富资源聘得老布什之子、美国共和党另一前总统小布什之弟尼尔 布什出任执董，但据2022 年度年报显示其所获薪金只有65.4 万元，为众执董中最低。其荣誉主席兼高级顾问为日本前首相鸠山由纪夫，但年度未有他收报酬纪录，他亦不在上市科谴责及勒令接受培训的董事之列。至于力拒除牌裁决的博华，主要股东为崔丽杰及纪晓波母子，后者女友为台湾女星吴佩慈,"['曹宇', 'Neil Bush']",[],0
43,2024030700009502349&&1,不服除牌决定 博华提司法复核。智富资源就联交所未公布、并于2 月2 日所作的纪律制裁结果发起司法复核。除鸠山由纪夫之外，起讼人包括智富资源、3 名现任执董尼尔 布什、曹宇及许峻嘉，以及前董事许智铭、蓝国庆、蓝国伦等共10人。联交所裁决该集团未有就土地估值大涨披露完整资讯，以及相关董事未能履责，同时要尼尔 布什等人要接受17 小时与上市规则相关培训。今次事件涉及该集团2018 年度中期，于中国第五大岛湛江东海岛综合发展用地估值，短时间内暴涨65 亿元人民币增至80 亿元人民币，遭联交所质疑当中合理性，以及有人未有寻求第二意见支持。智富资源在法庭文件中反驳，指联交所未有考虑到个别董事熟悉内地房产市场的专业性，以及有关用地已进阶及获准发展成综合项目，以及当时内房炽热的市况。当时联交所更未有证据显示独董恶意导致有违集团利益的交易，判罚亦过重及不成比例。因此提出司法复核冀撤销联交所的决定,"['曹宇', 'Neil Bush']",[],1
44,2024030700009502349&&2,至于博华提出司法复核申请，主要质疑联交所作除牌决定时，根本未有考虑其在塞班岛经营综合度假村遭遇疫情影响，当地最高法院亦确认当地监管机构在处理撤销牌照时，需要考虑有关疫情属不可抗力的情况，亦未有顾及集团获日本共生银行承诺参与投资，以及逾半债权人支持债务重组的事实，因此其寻求司法复核，冀推翻上市委员会的裁决。####。一直被称为“中国老朋友”的美国已故前总统老布什，其儿子Neil Bush正是兴讼的智富资源执行董事之一，亦在港交所勒令须接受培训的董事之列。 （资料图片）。日本前首相鸠山由纪夫亦为智富资源荣誉主席及顾问，惟不在港交所拟谴责及勒令接受培训之列。公司2022年度报告亦没有鸠山收取董事袍金的纪录。 （资料图片）,"['曹宇', 'Neil Bush']",[],2
45,2024031021784863040&&0,传美国考虑制裁 长鑫存储：严格遵守所有法规。中国芯片制造商长鑫存储发表声明，回应可能被美国制裁的传闻，强调公司严格遵守包括美国出口管制在内的所有相关法规，其芯片亦仅用于日常消费品上。彭博社稍早前引述消息人士指，美国商务部正考虑将长鑫存储等的6家中企列入“实体清单”黑名单，进一步遏制中国发展先进半导体，并作为对华为手机芯片突破的回应。报道又指，长鑫存储的竞争对手是美国美光科技、韩国三星电子和SK海力士，美光资助的一个团体长期推动华府把长鑫存储列为限制对象。中国外交部已多次批评，美方处心积虑打压中国芯片产业发展，不是出于国安考虑或正当竞争，而是单边欺凌行径，将冲击国际产供链稳定，助长分裂对抗。长鑫存储是国内最大的动态随机存取内存（DRAM）芯片制造商，其去年底宣布量产全国首款LPDDR5内存芯片，此一进步使该公司的技术水平大幅追近美光和SK海力士。年初曾有外媒报道指，长鑫存储正优先开发并复制HBM芯片架构，因这类HBM芯片有加速人工智能（AI）运算和应用的能力,['彭博社'],['HBM'],0
46,2024031200002729079&&0,《神州民企》药师帮(9885)去年亏损32亿人币，不派息。  药师帮 公布，截至去年12月31日止年度亏损约31.9亿元（人民币．下同），比2022年度亏损约14.9亿元扩大，每股亏损8.26元，不派末期股息。该集团指，经调整纯利1.3亿元，2022年度经调整亏损1.2亿元。 该集团指，收入169.7亿元，升18.9%，毛利17.4亿元，升21.3%，商品交易总额规模(GMV)约469亿元，升24%，但以公允价值计量且其变动计入当期损益的金融负债的公允价值变动亏损扩大至31.7亿元，销售及营销费用升至约13.9亿元所拖累。 *有关业绩的详情，请参阅该公司之正式通告 。 《经济通通讯社12日专讯》,[],['神州民企'],0
47,2024031200009503012&&0,中大医院半年蚀1.7亿远超预期 药物成本上涨等多重打击。中大医院早年向政府借贷逾40亿元“开院”，惟因刚开业即遭逢新冠疫情打击，结果需将原有还款安排顺延为“2+3”方案。根据中大医院向立法会卫生事务委员会提交最新文件，院方在去年下半年的未扣除利息、税项、折旧和摊销前亏损约1.7亿元，较早前预计高出约21%。院方解释，亏损上升主因与药物和医疗用品价格通胀有关，强调已采取成本控制措施。▍记者赵克平  ▍。卫生事务委员会将于本周五（15日）举行会议，议程包括讨论中大医院最新财务状况。会议文件显示，随着新冠疫情减退及社会复常，中大医院的财务状况在去年第一季起“有显著改善”，单计去年3月医院收入为1.5亿元，比起同年2月的1.2亿元，即在一个月间收入大幅增加25%。院方称，其后业务表现亦持续高于疫情期间水平。不过在2022至23财政年度，医院全年仍录得约7.34亿元亏损，结算期末现金结余约5.76亿元，但医院认为与预期相若。不过文件亦透露，在去年下半年，即7月1日至12月31日期间，中大医院未扣除利息、税项、折旧和摊销前亏损达约1.7亿元，较独立财务顾问所推算的约1.41亿元，高出约21%,['林哲玄'],[],0
48,2024031200009503012&&1,同期院方录得收入约9.55亿元，仅略高于独立财务顾问推算的约1%。对亏损比预期更多，院方解释主因是药物和医疗用品价格上涨，令营运成本较预计多出3400万元，但已采取成本控制措施。另截至去年12月31日，中大医院现金结余约4.25亿元，较独立财务顾问推算的约3.71亿元，高出约15%。院方重申，有信心按照独立财务顾问早前预测，最快在2024/25财政年度实现未扣除利息、税项、折旧和摊销前收支平衡。而因应延长还款安排，中大医院早前承诺会在15年贷款期间，向市民提供公共医疗服务，以抵销原来应付的利息。文件显示，中大医院去年内已提供4278个相关住院病床日数，较原定目标的3288个，超额完成约30%。公共医疗服务超额完成30%。套餐式收费方面，中大医院原有的服务契约承诺50%住院病床日数会采用套餐式收费。根据医院提交的资料，去年套餐式收费要求达标率初步评估为约51%，与承诺相若。另院内去年有6873个入院人次采用套餐式收费服务，亦按年增加约49%。院方预计日后采用套餐式服务的入院人次将再有所增长。目前院内套餐收费项目已增至763个,['林哲玄'],[],1
49,2024031200009503012&&2,翻查资料，中大医院自2015年起分批获政府借贷共40.33亿元兴建，并于2021年9月开始营运，原定去年3月起分10年连本带利还款。但中大医院去年表示，因新冠疫情对财政构成极大影响，希望立法会卫生事务委员会容许院方顺延5年还款，并可提供15年公共医疗代替利息。最终获准先顺延2年还款期，其后3年视乎卫生事务委员会将检视其财政状况，再寻求财委会批准让政府允许再顺延。对中大医院称因药物和医疗用品价格通胀，导致营运成本较预期高出约3400万元。立法会卫生事务委员会副主席林哲玄表示，即使药物来货价上升，医院亦可相应加价出售，认为在药物“贵买贵卖”情况下，对财政影响理应不大。他推测，中大医院可能为配合中大医学院的研究，需购置新医疗和手术仪器，而受医疗仪器通胀影响增加开支。不过他认为，3400万对一间医院而言不是什么“大数”，“可能买一部新仪器都唔止呢个数。”。议员：3400万非“大数”影响有限。但立法会议员江玉欢指，中大医院借款高达40亿元，金额不少，担心医院有无能力在数年后如期还款,['林哲玄'],[],2
50,2024031200009503012&&3,她指，虽然立法会有责任为纳税人“睇实条数”，惟卫生事务委员会在“2+3”还款安排期间亦会换届，倡应考虑另设独立小组，以确保中大医院能如期还钱。中大医院指，去年下半年亏损比预期更多，主因与药物和医疗用品价格通胀有关。####。■中大医院早年向政府借贷逾40亿元，惟因遇上新冠疫情，早前申请采用“2+3”方案顺延还款,['林哲玄'],[],3
51,2024031621785014143&&0,陈凯琳爆大仔变环保先锋 陈安立同岑乐怡研究“环保M巾”。陈凯琳爆大仔变环保先锋 陈安立同岑乐怡研究“环保M巾”。陈凯琳与陈安立齐齐支持环保活动。陈凯琳（Grace）担任港铁“绿铁B‘动’乐日”活动大使，推广低碳环保绿色生活，她笑言：“我都想带小朋友嚟，但系我怕做嘢照顾唔到佢地。𠵱家哥哥都会喺屋企做家务，做吓垃圾分类，小朋友唔惊污糟嘅，大仔𠵱家做咗细佬嘅榜样，二佬见佢做咩就跟住做。”此外，Grace自言不时会坐港铁过海，即使代步都用电车：“其实小朋友都好钟意搭港铁，成日都话要坐，佢地仲有自己张八达通卡，但我教佢地唔好乱咁‘嘟’，因为入面有钱，系父母好辛苦揾翻嚟嘅。𠵱家会教佢地理财，等佢地有个概念。”Grace还透露早前独自到欧洲Fashion Week，贪平坐地铁出入。陈凯琳与陈安立分享环保心得。Grace透露早前独自到欧洲Fashion Week，贪平坐地铁出入。陈凯琳（Grace）被邀担任港铁“绿铁B‘动’乐日”活动大使。Grace自言不时会坐港铁过海。陈凯琳说大仔会在屋企做家务，甚至会做埋垃圾分类,"['Sell', 'Grace']",['Fashion Week'],0
52,2024031621785014143&&1,陈安立当日担任大会司仪，自爆老婆会穿他的二手衫：“我平时好少买衫嘅，都系著赞助啲Product，而著旧咗就传俾老婆做睡衣。之前岑乐怡狂Sell我环保信息，仲讲到有‘环保M巾’，虽然佢冇讲自己有冇用，我都介绍比老婆知，如果要帮佢洗我都唔介意。”。《星岛申诉王》已推出全新项目“区区有申诉”，并增设“我要赞佢”栏目，现诚邀市民投稿赞扬身边好人好事，共建更有爱社区。立即“我要赞佢”︰ https://bit.ly/3uJ3yyF。想睇更多精彩内容，请立即浏览“区区有申诉”活动专页，https://bit.ly/41hgS9E,"['Sell', 'Grace']",['Fashion Week'],1
53,2024031800002465310&&0,断舍离︱内地收纳师帮人折衫执衣柜 月入2万元好易达成。内地收纳市越来越大，山东济南的收纳师市价约在时薪100至200元间。春暖花开又到换季时，要将冬夏衣饰来个乾坤大挪换，是许多女士的噩梦。近年内地也受日本“断舍离”风影响，出现了收纳师这个行业。有网民一掷7200元人民币，聘请3名收纳师奋战12小时，丢了7大袋衣物，让家居“重生”。有山东的收纳师透露，当地收纳师每小时工资在100至200元。以每月平均接约20单计，月入随时可达2万元。网民7200元请3收纳师丢7袋衫。据《都市快报》橙杮互动报道，有女网民“陌上”入伙逾10年，衣物只买不丢，越积越多，家居凌乱至惨不忍睹。“陌上”终在早前聘请专业收纳师协助，经过前期沟通，上门预采、列出方案三个流程，在正式大扫除当天，派了3名收纳师上门，12小时整理时间，收纳费5000元，物料费2200元，包括衣杆、衣架280个以及大大小小的收纳盒，丢了7大袋过时或重复的衣物，将衣物挂起或入盒，取消叠放区等方法，令“陌上”的衣帽间变得新的一样，井井有条又易找出需要的衣饰。内地越来越多市民接受聘用专业收纳师为自己“断舍离”,['小凡'],[],0
54,2024031800002465310&&1,内地越来越多市民接受聘用专业收纳师为自己衣柜“大扫除”。内地越来越多市民接受聘用专业收纳师为自己衣柜“大扫除”。内地越来越多市民接受聘用专业收纳师为自己“断舍离”。内地越来越多市民接受聘用专业收纳师为自己“断舍离”。内地越来越多市民接受聘用专业收纳师为自己“断舍离”。内地越来越多市民接受聘用专业收纳师为自己“断舍离”。内地越来越多市民接受聘用专业收纳师为自己“断舍离”。内地越来越多市民接受聘用专业收纳师为自己“断舍离”。内地越来越多市民接受聘用专业收纳师为自己“断舍离”。内地越来越多市民接受聘用专业收纳师为自己“断舍离”。内地越来越多市民接受聘用专业收纳师为自己“断舍离”。内地越来越多市民接受聘用专业收纳师为自己“断舍离”。山东济南整理收纳师小凡透露，她是在2017年在日本新闻中认识到这职业，经过网上自学、报读课程、到日本进修等，成为兼职收纳师。随着市场越来越多人认识收纳这个行业，小凡最终辞去原本稳定的工作，改为创业成为一名全职收纳师，“至今已整理收纳时长超过3000小时，为近500个家庭做过整理收纳，培训学员超过300人……”。山东收纳师时薪最高200元,['小凡'],[],1
55,2024031800002465310&&2,小凡指，专业收纳师在接到新客户时，要了解对方房屋空间结构、装修风格、生活习惯等，设计一套合理科学的整理方案，最重要是协助客户“扔”，帮对方分辨出什么是无用之物“断舍离”。收纳师的收费，在2016年时薪约80元，一般每月接一至两单，但在市场需求不断上升下，现在时薪已升至100至200元。客户由19岁到78岁。小凡表示：“年前或者换季的时候会比较多，最多的时候我们一个月能接到三四十单，少的时候也能有十几单”。客户层方面，则不分年龄、职业，由19岁到78岁都有。为应付市场需求，小凡现时的团队共有7名员工，每人时薪约150元，“80至90平方米户型的房子一般会配备2-3人，需要6-8个小时完成。如果是较为复杂的案例，比如户型是别墅或者物品格外多，可能需要1-2天，配备3-4人进行。”。如收纳师每月接20单，每单工时平均7小时计，月入便可达2.1万元,['小凡'],[],2
56,2024032021770417796&&0,IG吸金榜│靓妈撼赢镜仔夺榜首　MIRROR仅1人登三甲　他劲过AL姜涛。市场研究公司admanGo早前公布2023年本地名人Instagram广告销售额10大排名，圈中两大“靓妈”陈凯琳及倪晨曦撼赢镜仔，夺得首两名。而男团MIRROR有4名成员打入十大，其中1人的排名更高于姜涛及卢瀚霆（Anson Lo）。市场研究公司admanGo早前公布2023年IG品牌内容广告销售额最高的10名KOL，分别是：第1名陈凯琳（Grace）、第2名倪晨曦（Elva）、第3名吕爵安（Edan）、第4名张敬轩（Hins）、第5名卢瀚霆（Anson Lo）、第6名姜涛（Keung To）、第7名郑秀文（Sammi）、第8名张厚耀（Sue Chang）、第9名陈卓贤（Ian）、第10名容祖儿（Joey）,"['Sue Chang', 'Edan', 'Grace', 'Joey', 'Keung To', 'Sammi', 'Elva', 'Hins', '倪晨曦', 'Anson Lo', 'Ian']","['Instagram', 'admanGo', 'KOL']",0
57,2024032021783034525&&0,日本人气艺术家Verdy抵港　汉堡神偷与Vick惊喜接机。（客户提供）。【特约报道】蜚声国际的日本平面艺术家、曾为韩国女子天团BLACK PINK的“Born Pink World Tour”2023世界巡回演唱会担任艺术总监，兼于今次ComplexCon香港出任艺术总监的Verdy今早抵港、为首度登陆亚洲的全球瞩目潮流艺术文化盛事ComplexCon盛事做准备，而他最喜爱的麦当劳汉堡神偷与出自其笔下的Vick更现身接机，令这位潮流艺术大师惊喜莫名。ComplexCon将于3月23至24日假亚洲国际博览馆举行，而Verdy会出任艺术总监，故今早提早来港作准备，甫踏出机场，即由他非常喜欢的汉堡神偷与其创作的角色Vick现身来个熊抱，为这位艺术大师带来无限惊喜与欢乐,"['Vick', 'ComplexCon', 'Verdy']",['Vick'],0
58,2024032021790922324&&0,网络热话│清洁公司误接“曱甴屋”生意 租屋想避免中伏有几点要留意。不知道大家物色租盘时，有没有试过“中伏”，遇上一些特别肮脏的单位。近日有一位网民在讨论区分享，自己从事清洁业二十多年，终于遇上一间“曱甴屋”，事前业主曾让楼主看过单位内的照片，当时楼主的只是认为屋内较污糟和较多曱甴，怎料一踏进去就知道是一大清洁难题。清洁公司误接“曱甴屋”生意 租屋想避免中伏有几点要留意。清洁公司误接“曱甴屋”生意 租屋想避免中伏有几点要留意。清洁公司误接“曱甴屋”生意 租屋想避免中伏有几点要留意。清洁公司误接“曱甴屋”生意 租屋想避免中伏有几点要留意。环境不但恶劣，还传出阵阵异味，楼主甚至形容为“噏臭味”，一心硬着头皮完成任务，可是骇人听闻的事不断发生。楼主指，当他在清洁时曾有数次被曱甴爬上身、抹柜桶时看见曱甴卵堆积如山，曱甴屎更布满整块墙壁。楼主作为勇士第一人，当然吸引不少邻居注意，有邻居就善意提醒，指单位前租客居住期间，每次打开门都会传出恶臭、会有大量曱甴爬出走廊，当他们望入单位亦见到很多垃圾，犹如一座垃圾山般。经过一天奋斗，楼主清走大量曱甴尸体，并喷射灭虫剂打算隔天再处理,['曱甴'],"['曱甴屋', '勇士']",0
59,2024032021790922324&&1,怎料第二天再回到单位时，曱甴比昨天还要多几倍，“数量仲多过我平日碗饭嘅米量”。如是者，楼主就向业主请辞。有网民表示，“唔好彩买咗呢D单位真系永无宁日”、“佢根本要连木地板都挂(拆)埋先有得搞”、“业主有冇谂过成间屋爆过再装修，咁样点清都系有”。楼主就提醒，各位业主租客无论放租或承租前也先应该留意清楚单位环境，尤其要打开厨柜望望门铰低的柜边有没有黑色一点点、类似曱甴尸的物体，并应在入伙前打开假天花和所有柜门，确保干净。记者：高怡。图片来源：白卡当饭食@lihkg。按此观看原文。==========,['曱甴'],"['曱甴屋', '勇士']",1
60,2024032100007692520&&0,50岁金牌司仪脸部松弛惊变“水滴鱼”。 曾被爆身价冠绝主持界。50岁金牌司仪脸部松弛惊变“水滴鱼”。 曾被爆身价冠绝主持界。50岁金牌司仪脸部松弛惊变“水滴鱼”。 曾被爆身价冠绝主持界。曾有TVB“金牌司仪”之称的50岁李浩林（Derek），由于精通两文三语，自90年代中成为大骚主持“铁脚”，早年也曾客串多出剧集及电影，惜近年大幅减产，2021年主持TVB《2020东京奥运会》后，已鲜有在港幕前亮相。久违的李浩林日前终现身圈中友人聚会，未料残爆的他竟“断崖式衰老”吓窒网民。相关阅读：73岁前TVB金牌司仪送外卖做地盘工。辛苦到连环爆粗 惨被呼喝睇面色。李浩林残爆露面。李浩林曾有TVB“金牌司仪”之称。据早年报道有业内PR爆料，指撇除曾志伟及郑裕玲（DoDo）等重量级司仪，李浩林的身价冠绝娱乐圈。李浩林（左三）2021年主持TVB《2020东京奥运会》后，已鲜有在港幕前亮相。当时另外两位外景主持周奕玮和吴业坤（右）因截停港队划艇选手洪咏甄，问一些冇营养嘅问题而畀大家闹爆。当时另外两位外景主持周奕玮和吴业坤（右）因截停港队划艇选手洪咏甄，问一些冇营养嘅问题而畀大家闹爆,"['李浩林', '太太Pauline', 'DoDo', '李琳琳', 'Derek', '汪曼玲', '林盛斌', '高雄']","['TVB', 'Northwestern University', '森美']",0
61,2024032100007692520&&1,当时另外两位外景主持周奕玮和吴业坤（右）因截停港队划艇选手洪咏甄，问一些冇营养嘅问题而畀大家闹爆。闭幕礼后二人分享自己的感动时刻，李浩林突然爆出一句：“见到你哋两个都好辛苦啦，你哋两个做访问𠮶阵时要捧住对方，唔好再问人听唔听你哋啲歌喇吓。”令全场爆笑。资深传媒人汪曼玲前晚（19日）于社交网贴出圈中人聚会合照，当晚（前右起）胡枫、姜大卫与太太李琳琳、邓光荣遗孀严纳珍（后中）均有出席。（前右二起）陈友与太太Pauline均有现身。其中李浩林（右）罕有零妆发赴会，穿黑Polo shirt的他显得肤色特别青白。李浩林（后右二）两颊下垂、双眼浮肿现黑眼圈，加上大大的蒜头鼻，有网民惊叹如深海怪鱼“水滴鱼”。李浩林对上一次在港荧幕前露面，已是去年4月1日为张国荣（哥哥）逝世20周年活动《继续宠爱．二十年．音乐会》担任大会司仪。当时穿上黑色素服的李浩林有化妆兼Set头，容貌未见与昔日有太大变化。不过，在播放哥哥张国荣生前的演出片段时，为网上版主持的李浩林因“老是常出现”，以普通话讲述哥哥张国荣的历史，引起粉丝不满嗌收声。近年，李浩林不时与旧同事陈芷菁（右）在内地拍住上担任大型节目及晚宴司仪,"['李浩林', '太太Pauline', 'DoDo', '李琳琳', 'Derek', '汪曼玲', '林盛斌', '高雄']","['TVB', 'Northwestern University', '森美']",1
62,2024032100007692520&&2,近年，李浩林不时与旧同事陈芷菁（右）在内地拍住上担任大型节目及晚宴司仪。近年，李浩林不时与旧同事陈芷菁（左）在内地拍住上担任大型节目及晚宴司仪。李浩林与陈芷菁（右）去年11月初为“首届粤港澳大湾区禅宗六祖文化节暨交响合唱《惠能颂》世界巡演香港站”担任司仪。李浩林与陈芷菁（右）去年11月初为“首届粤港澳大湾区禅宗六祖文化节暨交响合唱《惠能颂》世界巡演香港站”担任司仪。李浩林偶尔亦有为名牌奢侈品、天王天后级人马的记者会任司仪。李浩林成为张学友（右）记者会的专属司仪。李浩林至今仍显示在TVB官网艺人之列，换言之与TVB还有约在身。资深传媒人汪曼玲前晚（19日）于社交网贴出圈中人聚会合照，当晚姜大卫与太太李琳琳、陈友与太太Pauline、胡枫及邓光荣遗孀严纳珍等均有出席，其中李浩林罕有零妆发赴会，穿黑Polo shirt的他显得肤色特别青白，且两颊下垂、双眼浮肿现黑眼圈，加上大大的蒜头鼻，有网民惊叹如深海怪鱼“水滴鱼”（Blobfish）。李浩林被张国荣歌迷怒骂,"['李浩林', '太太Pauline', 'DoDo', '李琳琳', 'Derek', '汪曼玲', '林盛斌', '高雄']","['TVB', 'Northwestern University', '森美']",2
63,2024032100007692520&&3,李浩林对上一次在港荧幕前露面，已是去年4月1日为张国荣（哥哥）逝世20周年活动《继续宠爱．二十年．音乐会》担任大会司仪，当时穿上黑色素服的他有化妆兼Set头，容貌未见与昔日有太大变化。不过，在音乐会播放哥哥张国荣生前的演出片段期间，为网上版主持的李浩林因“老是常出现”，以普通话讲述哥哥张国荣的历史，引起粉丝不满嗌收声兼要求退款：“还我哥哥。”。李浩林昔日旧照：。李浩林亦曾演出不少TVB剧，入行初期亦参演过《晚九朝五》及《金枝玉叶》等电影。李浩林曾演出TVB剧《情牵百子柜》。李浩林（右）在TVB剧《情牵百子柜》饰演谷一宵。李浩林（右）与吴美珩在TVB剧《情牵百子柜》有不少对手戏。高雄（左）在TVB剧《情牵百子柜》中饰演李浩林的父亲。李浩林与姚莹莹（右）饰演夫妻。2002年，李浩林（左）为《CASH金帆音乐颁奖礼》担任司仪。李浩林（左四）为《2013年度TVB全球华人新秀大赛》担任司仪。2014年，李浩林（右）为《星和无线电视大奖2014》担任司仪。李浩林（左）亦曾访问过不少本地及国际明星。李浩林（左）曾访问韩剧《大长今》女主角李英爱（中）。李浩林（前右）主持过《娱乐大搜查》,"['李浩林', '太太Pauline', 'DoDo', '李琳琳', 'Derek', '汪曼玲', '林盛斌', '高雄']","['TVB', 'Northwestern University', '森美']",3
64,2024032100007692520&&4,李浩林（左）在《娱乐大搜查》访问陈慧琳和雷颂德。李浩林曾于《东张西望》独家专访张柏芝（右）。李浩林（右）与张柏芝私下好老友。李浩林（右）与张柏芝私下好老友。李浩林（中）在2011年至2020年间主持《今日VIP》。李浩林（右）在2011年至2020年间主持《今日VIP》。李浩林（左）在2011年至2020年间主持《今日VIP》。李浩林（右）亦接下不少活动司仪Job。李浩林（左）亦接下不少活动司仪Job。李浩林（左）亦接下不少活动司仪Job。李浩林（右）亦接下不少活动司仪Job。李浩林（左）与不少圈中人相熟。李浩林（右）与不少圈中人相熟。近年，李浩林不时与旧同事陈芷菁在内地拍住上担任大型节目及晚宴司仪，偶尔他亦有为名牌奢侈品、天王天后级人马的记者会任司仪。据早年报道有业内PR爆料，指撇除曾志伟及郑裕玲（DoDo）等重量级司仪，李浩林的身价冠绝娱乐圈：“司仪收嘅价系视乎性质、工作时间而定，冇特定标准，都系睇客户需求，要数最贵又最多人揾嘅就系李浩林。”接着排名依次序为森美、杨洛婷、林盛斌（Bob）、区永权。李浩林与TVB仍有约在身,"['李浩林', '太太Pauline', 'DoDo', '李琳琳', 'Derek', '汪曼玲', '林盛斌', '高雄']","['TVB', 'Northwestern University', '森美']",4
65,2024032100007692520&&5,李浩林曾就读圣保罗男女中学，毕业于大学毕业于芝加哥西北大学（Northwestern University），主修舞台艺术。90年代加入TVB后，李浩林曾为《欢乐满东华》、《万千星辉贺台庆》、《国际中华小姐竞选》、《TVB全球华人新秀歌唱大赛》等大型节目担任司仪，在2005年至2020年期间亦先后主持《东张西望》、《今日VIP》及明珠台《Dolce Vita港生活．港享受》。李浩林亦曾演出TVB剧《情牵百子柜》、《女人唔易做》、《情人眼里高一D》等，入行初期更参演过《晚九朝五》及《金枝玉叶》等电影，值得一提的是，李浩林至今仍显示在TVB官网艺人之列，换言之与TVB还有约在身,"['李浩林', '太太Pauline', 'DoDo', '李琳琳', 'Derek', '汪曼玲', '林盛斌', '高雄']","['TVB', 'Northwestern University', '森美']",5
66,2024032121785999577&&0,惠理集团去年转赚2309万元 派特别股息0.5元。惠理集团（0806）公布截至去年12月31日末期业绩，去年扭亏为盈，纯利达2308.8万元，而2022年则为亏损5.44亿元。业绩改善主要由于集团自有资金投资（主要是旗下基金的初投资本投资）的投资收益，以及开支总额的减少抵销了管理费收入的减少所致。年内每股盈利0.013元，派特别股息0.5元。惠理表示，截至去年底集团资产管理规模达56亿美元，较2022年底时的61亿美元略减9%，主要受市场环境疲弱及部分投资者的避险心态所影响。年内收入达5.15亿元，较2022年跌11.9%，集团指总收入下降乃受管理费总额减少所致。其中管理费收入总额减少至4.67亿元，较2022年跌15%。惠理指出，去年认购总额为11.58亿美元，较2022年的10.25亿美元增13%。而赎回总额大幅减少至14.53亿美元，较2022年的23.60亿美元减少38%。集团续指，因加息、中国疫后经济去年失去动力，以及地缘政治等因素，令市场环境疲弱，部分投资者的避险心态所影响，其信心转趋脆弱，对具风险资产（尤其是中国证券）的意欲不大，而旗下部分基金出现适度资金流出,[],[],0
67,2024032200002876510&&0,杰地集团(08313)年度亏转盈174万坡元，不派息。  杰地集团 公布，截至去年12月31日止年度纯利173.7万元(坡元．下同)，而2022年同期净亏损270.7万元。每股盈利0.09坡仙，不派末期息。  期内收入990.6万元，升1.5倍。除税前溢利241.4万元，比2022年同期税前亏损242.3万元。 *有关业绩的详情，请参阅该公司之正式通告 。 《经济通通讯社22日专讯》,[],[],0
68,2024032200003330498&&0,"山高控股(00412) 盈利警告 / 内幕消息。山高控股(00412) 内幕消息 正面盈利预告(137KB, pdf)",[],['山高控股'],0
69,2024032200008516166&&0,中年好声音2｜杨千嬅任决赛评判惹热议 周启生：完全冇水平。  TVB选秀节目《中年好声音2》进入最后阶段，3月24日晚7强选手安雅希、陈俞霏、黄剑文、谭辉智、古淖文、颜米羔、沈宗贤，将竞逐冠军宝座。大会宣布决赛邀久未在TVB露面的杨千嬅担任评判，引来网上激烈讨论，连乐坛前辈周启生都发文回应。  周启生点名狠批陈蕾现场表现：唱歌近乎离晒谱咁走音 周启生留言：“一个唔系作曲家，唔系编曲家，唔系音乐人，唔系综艺科监制高层，同音乐并无其他关系，只系一个人人都认为唱歌唱得唔好嘅女歌手，担任一个唱歌比赛嘅评判。有人撑佢认为做呢个唱歌比赛评判，系唔需要唱歌唱得好，我想问呢个系乜嘢伟大精警逻辑。系唔系孕育一个新香港去接受一啲完全冇水平嘅嘢。#无耻嘅人永远无耻 #冲出嚟维护无耻嘅人至尊无耻”,"['古淖文', '安雅希']",[],0
